{"cameraMode":{"drawMode":0,"name":"Shaded","section":"Shading Mode"},"sceneLighting":false,"audioPlay":false,"sceneViewState":{"m_AlwaysRefresh":false,"showFog":true,"showSkybox":false,"showFlares":true,"showImageEffects":true,"showParticleSystems":true,"showVisualEffectGraphs":true,"m_FxEnabled":true},"in2DMode":false,"pivot":{"x":0.558539092540741,"y":0.612563967704773,"z":-0.3875189423561096},"rotation":{"x":-0.3240807056427002,"y":0.03859788551926613,"z":-0.013234942220151425,"w":-0.9451960921287537},"size":0.6458603739738464,"orthographic":true}