{"cameraMode":{"drawMode":0,"name":"Shaded","section":"Shading Mode"},"sceneLighting":false,"audioPlay":false,"sceneViewState":{"m_AlwaysRefresh":false,"showFog":true,"showSkybox":false,"showFlares":true,"showImageEffects":true,"showParticleSystems":true,"showVisualEffectGraphs":true,"m_FxEnabled":true},"in2DMode":false,"pivot":{"x":-0.03886294364929199,"y":0.7590395212173462,"z":0.5732362866401672},"rotation":{"x":0.11997418105602265,"y":-0.8791049122810364,"z":0.30378764867782595,"w":0.3472551107406616},"size":1.1129604578018189,"orthographic":true}