{"cameraMode":{"drawMode":0,"name":"Shaded","section":"Shading Mode"},"sceneLighting":false,"audioPlay":false,"sceneViewState":{"m_AlwaysRefresh":false,"showFog":true,"showSkybox":false,"showFlares":true,"showImageEffects":true,"showParticleSystems":true,"showVisualEffectGraphs":true,"m_FxEnabled":true},"in2DMode":false,"pivot":{"x":-0.5976637005805969,"y":0.7365899085998535,"z":-0.34423914551734927},"rotation":{"x":-0.18404847383499146,"y":-0.3313961625099182,"z":0.06607969105243683,"w":-0.9230621457099915},"size":0.868107259273529,"orthographic":true}